{"answers":{"request001":{"relevance":[{"docid":2,"rank":5.340000152587891},{"docid":8,"rank":12.699999809265137}],"result":"true"},"request002":{"relevance":[{"docid":1,"rank":7.670000076293945},{"docid":2,"rank":34.66999816894531},{"docid":3,"rank":6.400000095367432}],"result":"true"}}}